,CA_3,arima_forecast,sarima_forecast,rfr_forecast,knn_forecast
d_1,4739.0,,,,
d_2,4827.0,,,,
d_3,3785.0,,,,
d_4,4232.0,,,,
d_5,3817.0,,,,
d_6,4369.0,,,,
d_7,4703.0,,,,
d_8,5456.0,,,,
d_9,5581.0,,,,
d_10,4912.0,,,,
d_11,4447.0,,,,
d_12,4544.0,,,,
d_13,4406.0,,,,
d_14,4380.0,,,,
d_15,5187.0,,,,
d_16,5780.0,,,,
d_17,3303.0,,,,
d_18,3758.0,,,,
d_19,3641.0,,,,
d_20,3099.0,,,,
d_21,3320.0,,,,
d_22,4694.0,,,,
d_23,4794.0,,,,
d_24,4631.0,,,,
d_25,3593.0,,,,
d_26,3342.0,,,,
d_27,3310.0,,,,
d_28,3575.0,,,,
d_29,4774.0,,,,
d_30,4540.0,,,,
d_31,3604.0,,,,
d_32,3846.0,,,,
d_33,3821.0,,,,
d_34,3757.0,,,,
d_35,3904.0,,,,
d_36,4894.0,,,,
d_37,5895.0,,,,
d_38,4274.0,,,,
d_39,4084.0,,,,
d_40,3754.0,,,,
d_41,3898.0,,,,
d_42,4108.0,,,,
d_43,4823.0,,,,
d_44,5342.0,,,,
d_45,4231.0,,,,
d_46,3624.0,,,,
d_47,3767.0,,,,
d_48,3653.0,,,,
d_49,3562.0,,,,
d_50,5235.0,,,,
d_51,5181.0,,,,
d_52,4154.0,,,,
d_53,3664.0,,,,
d_54,3255.0,,,,
d_55,2814.0,,,,
d_56,4085.0,,,,
d_57,4991.0,,,,
d_58,4850.0,,,,
d_59,3692.0,,,,
d_60,3028.0,,,,
d_61,3518.0,,,,
d_62,3640.0,,,,
d_63,4599.0,,,,
d_64,5265.0,,,,
d_65,5680.0,,,,
d_66,4921.0,,,,
d_67,3936.0,,,,
d_68,4062.0,,,,
d_69,4052.0,,,,
d_70,3918.0,,,,
d_71,4957.0,,,,
d_72,5728.0,,,,
d_73,4123.0,,,,
d_74,3466.0,,,,
d_75,3561.0,,,,
d_76,3616.0,,,,
d_77,4293.0,,,,
d_78,4457.0,,,,
d_79,4819.0,,,,
d_80,3922.0,,,,
d_81,3423.0,,,,
d_82,3306.0,,,,
d_83,3366.0,,,,
d_84,3939.0,,,,
d_85,4577.0,,,,
d_86,4482.0,,,,
d_87,3336.0,,,,
d_88,3145.0,,,,
d_89,3062.0,,,,
d_90,2930.0,,,,
d_91,3240.0,,,,
d_92,4247.0,,,,
d_93,4569.0,,,,
d_94,4245.0,,,,
d_95,4349.0,,,,
d_96,3822.0,,,,
d_97,3611.0,,,,
d_98,3772.0,,,,
d_99,4455.0,,,,
d_100,4217.0,,,,
d_101,4498.0,,,,
d_102,3993.0,,,,
d_103,3657.0,,,,
d_104,3696.0,,,,
d_105,3934.0,,,,
d_106,4094.0,,,,
d_107,4897.0,,,,
d_108,3806.0,,,,
d_109,3297.0,,,,
d_110,3173.0,,,,
d_111,3172.0,,,,
d_112,3551.0,,,,
d_113,4247.0,,,,
d_114,4475.0,,,,
d_115,3637.0,,,,
d_116,3364.0,,,,
d_117,3429.0,,,,
d_118,3501.0,,,,
d_119,3707.0,,,,
d_120,3920.0,,,,
d_121,3951.0,,,,
d_122,4103.0,,,,
d_123,3569.0,,,,
d_124,4210.0,,,,
d_125,3896.0,,,,
d_126,4681.0,,,,
d_127,5390.0,,,,
d_128,5440.0,,,,
d_129,4502.0,,,,
d_130,4292.0,,,,
d_131,4427.0,,,,
d_132,4008.0,,,,
d_133,4662.0,,,,
d_134,4438.0,,,,
d_135,5380.0,,,,
d_136,4419.0,,,,
d_137,4034.0,,,,
d_138,4133.0,,,,
d_139,3831.0,,,,
d_140,3935.0,,,,
d_141,4537.0,,,,
d_142,4656.0,,,,
d_143,4538.0,,,,
d_144,4255.0,,,,
d_145,4173.0,,,,
d_146,4011.0,,,,
d_147,4247.0,,,,
d_148,4386.0,,,,
d_149,4876.0,,,,
d_150,3891.0,,,,
d_151,3347.0,,,,
d_152,3560.0,,,,
d_153,3712.0,,,,
d_154,5341.0,,,,
d_155,5633.0,,,,
d_156,5170.0,,,,
d_157,4129.0,,,,
d_158,4780.0,,,,
d_159,4939.0,,,,
d_160,4894.0,,,,
d_161,4696.0,,,,
d_162,5419.0,,,,
d_163,5413.0,,,,
d_164,4581.0,,,,
d_165,4002.0,,,,
d_166,3718.0,,,,
d_167,3845.0,,,,
d_168,4043.0,,,,
d_169,4931.0,,,,
d_170,5104.0,,,,
d_171,4060.0,,,,
d_172,3715.0,,,,
d_173,3850.0,,,,
d_174,3879.0,,,,
d_175,4516.0,,,,
d_176,5212.0,,,,
d_177,5023.0,,,,
d_178,3804.0,,,,
d_179,3671.0,,,,
d_180,3548.0,,,,
d_181,3636.0,,,,
d_182,3956.0,,,,
d_183,4923.0,,,,
d_184,4946.0,,,,
d_185,4609.0,,,,
d_186,4684.0,,,,
d_187,4721.0,,,,
d_188,4252.0,,,,
d_189,4320.0,,,,
d_190,4990.0,,,,
d_191,5728.0,,,,
d_192,5012.0,,,,
d_193,5011.0,,,,
d_194,5365.0,,,,
d_195,4019.0,,,,
d_196,4507.0,,,,
d_197,5190.0,,,,
d_198,6062.0,,,,
d_199,5048.0,,,,
d_200,4799.0,,,,
d_201,4061.0,,,,
d_202,4081.0,,,,
d_203,4498.0,,,,
d_204,5444.0,,,,
d_205,5680.0,,,,
d_206,4769.0,,,,
d_207,4244.0,,,,
d_208,4066.0,,,,
d_209,3618.0,,,,
d_210,4172.0,,,,
d_211,4913.0,,,,
d_212,5280.0,,,,
d_213,3969.0,,,,
d_214,3696.0,,,,
d_215,3568.0,,,,
d_216,4490.0,,,,
d_217,5010.0,,,,
d_218,5348.0,,,,
d_219,5356.0,,,,
d_220,5574.0,,,,
d_221,5279.0,,,,
d_222,4744.0,,,,
d_223,4550.0,,,,
d_224,5132.0,,,,
d_225,5718.0,,,,
d_226,6003.0,,,,
d_227,4214.0,,,,
d_228,4199.0,,,,
d_229,4250.0,,,,
d_230,3911.0,,,,
d_231,4335.0,,,,
d_232,4879.0,,,,
d_233,5734.0,,,,
d_234,4641.0,,,,
d_235,4157.0,,,,
d_236,4089.0,,,,
d_237,3861.0,,,,
d_238,4345.0,,,,
d_239,5157.0,,,,
d_240,5866.0,,,,
d_241,4463.0,,,,
d_242,4536.0,,,,
d_243,4220.0,,,,
d_244,3939.0,,,,
d_245,4568.0,,,,
d_246,6660.0,,,,
d_247,6569.0,,,,
d_248,5686.0,,,,
d_249,5310.0,,,,
d_250,4753.0,,,,
d_251,4666.0,,,,
d_252,5161.0,,,,
d_253,6237.0,,,,
d_254,6703.0,,,,
d_255,5687.0,,,,
d_256,4986.0,,,,
d_257,4600.0,,,,
d_258,4501.0,,,,
d_259,5229.0,,,,
d_260,6274.0,,,,
d_261,6370.0,,,,
d_262,5434.0,,,,
d_263,4463.0,,,,
d_264,4105.0,,,,
d_265,4097.0,,,,
d_266,4497.0,,,,
d_267,5939.0,,,,
d_268,6004.0,,,,
d_269,4550.0,,,,
d_270,4239.0,,,,
d_271,3792.0,,,,
d_272,4046.0,,,,
d_273,4208.0,,,,
d_274,5813.0,,,,
d_275,5903.0,,,,
d_276,3883.0,,,,
d_277,4734.0,,,,
d_278,4566.0,,,,
d_279,4999.0,,,,
d_280,5276.0,,,,
d_281,6189.0,,,,
d_282,6628.0,,,,
d_283,5137.0,,,,
d_284,4960.0,,,,
d_285,4883.0,,,,
d_286,5161.0,,,,
d_287,4972.0,,,,
d_288,5570.0,,,,
d_289,6110.0,,,,
d_290,4686.0,,,,
d_291,4380.0,,,,
d_292,4126.0,,,,
d_293,4050.0,,,,
d_294,4881.0,,,,
d_295,6031.0,,,,
d_296,5812.0,,,,
d_297,4780.0,,,,
d_298,4520.0,,,,
d_299,5311.0,,,,
d_300,3130.0,,,,
d_301,3768.0,,,,
d_302,4275.0,,,,
d_303,4747.0,,,,
d_304,3957.0,,,,
d_305,3771.0,,,,
d_306,3614.0,,,,
d_307,4944.0,,,,
d_308,5237.0,,,,
d_309,6284.0,,,,
d_310,6616.0,,,,
d_311,5745.0,,,,
d_312,4937.0,,,,
d_313,4840.0,,,,
d_314,4719.0,,,,
d_315,5039.0,,,,
d_316,6266.0,,,,
d_317,6138.0,,,,
d_318,5216.0,,,,
d_319,4831.0,,,,
d_320,4314.0,,,,
d_321,4906.0,,,,
d_322,4980.0,,,,
d_323,5648.0,,,,
d_324,5573.0,,,,
d_325,4973.0,,,,
d_326,4424.0,,,,
d_327,4347.0,,,,
d_328,4639.0,,,,
d_329,5820.0,,,,
d_330,4753.0,,,,
d_331,1.0,,,,
d_332,4998.0,,,,
d_333,4530.0,,,,
d_334,4745.0,,,,
d_335,4511.0,,,,
d_336,6115.0,,,,
d_337,5535.0,,,,
d_338,3978.0,,,,
d_339,6199.0,,,,
d_340,5371.0,,,,
d_341,4878.0,,,,
d_342,5021.0,,,,
d_343,4696.0,,,,
d_344,6384.0,,,,
d_345,7124.0,,,,
d_346,5679.0,,,,
d_347,5392.0,,,,
d_348,4590.0,,,,
d_349,4163.0,,,,
d_350,5193.0,,,,
d_351,5904.0,,,,
d_352,5993.0,,,,
d_353,5546.0,,,,
d_354,4234.0,,,,
d_355,4538.0,,,,
d_356,4255.0,,,,
d_357,4825.0,,,,
d_358,6786.0,,,,
d_359,5837.0,,,,
d_360,4856.0,,,,
d_361,4732.0,,,,
d_362,4329.0,,,,
d_363,4004.0,,,,
d_364,4654.0,,,,
d_365,5101.0,,,,
d_366,6123.0,,,,
d_367,4875.0,,,,
d_368,5016.0,,,,
d_369,5600.0,,,,
d_370,5160.0,,,,
d_371,6193.0,,,,
d_372,7762.0,,,,
d_373,6911.0,,,,
d_374,5932.0,,,,
d_375,5616.0,,,,
d_376,5498.0,,,,
d_377,5501.0,,,,
d_378,6108.0,,,,
d_379,7794.0,,,,
d_380,7095.0,,,,
d_381,5849.0,,,,
d_382,4383.0,,,,
d_383,4818.0,,,,
d_384,4582.0,,,,
d_385,5317.0,,,,
d_386,6515.0,,,,
d_387,6185.0,,,,
d_388,6662.0,,,,
d_389,5148.0,,,,
d_390,4351.0,,,,
d_391,4703.0,,,,
d_392,5800.0,,,,
d_393,6164.0,,,,
d_394,6784.0,,,,
d_395,5286.0,,,,
d_396,4514.0,,,,
d_397,4424.0,,,,
d_398,5580.0,,,,
d_399,6121.0,,,,
d_400,7392.0,,,,
d_401,8245.0,,,,
d_402,6450.0,,,,
d_403,5952.0,,,,
d_404,5621.0,,,,
d_405,5892.0,,,,
d_406,6139.0,,,,
d_407,7050.0,,,,
d_408,7672.0,,,,
d_409,6361.0,,,,
d_410,5476.0,,,,
d_411,5045.0,,,,
d_412,4964.0,,,,
d_413,5107.0,,,,
d_414,6773.0,,,,
d_415,6983.0,,,,
d_416,5302.0,,,,
d_417,5033.0,,,,
d_418,4909.0,,,,
d_419,4885.0,,,,
d_420,5082.0,,,,
d_421,6117.0,,,,
d_422,7209.0,,,,
d_423,5463.0,,,,
d_424,4239.0,,,,
d_425,4771.0,,,,
d_426,4415.0,,,,
d_427,5549.0,,,,
d_428,6413.0,,,,
d_429,6959.0,,,,
d_430,6008.0,,,,
d_431,6124.0,,,,
d_432,5300.0,,,,
d_433,5677.0,,,,
d_434,6341.0,,,,
d_435,8069.0,,,,
d_436,6992.0,,,,
d_437,6250.0,,,,
d_438,5565.0,,,,
d_439,5225.0,,,,
d_440,4662.0,,,,
d_441,5106.0,,,,
d_442,6165.0,,,,
d_443,5851.0,,,,
d_444,5119.0,,,,
d_445,4775.0,,,,
d_446,4547.0,,,,
d_447,4488.0,,,,
d_448,5065.0,,,,
d_449,6187.0,,,,
d_450,6767.0,,,,
d_451,4991.0,,,,
d_452,4334.0,,,,
d_453,4393.0,,,,
d_454,4141.0,,,,
d_455,4734.0,,,,
d_456,5781.0,,,,
d_457,6283.0,,,,
d_458,4853.0,,,,
d_459,5534.0,,,,
d_460,5282.0,,,,
d_461,5646.0,,,,
d_462,5477.0,,,,
d_463,5889.0,,,,
d_464,6403.0,,,,
d_465,6444.0,,,,
d_466,6187.0,,,,
d_467,5455.0,,,,
d_468,5380.0,,,,
d_469,5521.0,,,,
d_470,6575.0,,,,
d_471,5418.0,,,,
d_472,5483.0,,,,
d_473,5273.0,,,,
d_474,4752.0,,,,
d_475,4772.0,,,,
d_476,5615.0,,,,
d_477,6325.0,,,,
d_478,6471.0,,,,
d_479,5542.0,,,,
d_480,5158.0,,,,
d_481,4788.0,,,,
d_482,4774.0,,,,
d_483,5567.0,,,,
d_484,5647.0,,,,
d_485,5273.0,,,,
d_486,5588.0,,,,
d_487,5033.0,,,,
d_488,5055.0,,,,
d_489,5189.0,,,,
d_490,6874.0,,,,
d_491,7155.0,,,,
d_492,7322.0,,,,
d_493,6243.0,,,,
d_494,6080.0,,,,
d_495,5698.0,,,,
d_496,6014.0,,,,
d_497,6173.0,,,,
d_498,7035.0,,,,
d_499,8064.0,,,,
d_500,7092.0,,,,
d_501,5999.0,,,,
d_502,5454.0,,,,
d_503,5816.0,,,,
d_504,6588.0,,,,
d_505,7331.0,,,,
d_506,6872.0,,,,
d_507,6379.0,,,,
d_508,5838.0,,,,
d_509,5697.0,,,,
d_510,5133.0,,,,
d_511,5896.0,,,,
d_512,6975.0,,,,
d_513,7095.0,,,,
d_514,5574.0,,,,
d_515,5021.0,,,,
d_516,5025.0,,,,
d_517,5244.0,,,,
d_518,5745.0,,,,
d_519,6425.0,,,,
d_520,6924.0,,,,
d_521,6482.0,,,,
d_522,6616.0,,,,
d_523,5978.0,,,,
d_524,5773.0,,,,
d_525,6620.0,,,,
d_526,7254.0,,,,
d_527,7683.0,,,,
d_528,6556.0,,,,
d_529,6267.0,,,,
d_530,5657.0,,,,
d_531,5507.0,,,,
d_532,6008.0,,,,
d_533,6782.0,,,,
d_534,7000.0,,,,
d_535,6062.0,,,,
d_536,5623.0,,,,
d_537,5218.0,,,,
d_538,5487.0,,,,
d_539,5981.0,,,,
d_540,6703.0,,,,
d_541,7293.0,,,,
d_542,5881.0,,,,
d_543,5467.0,,,,
d_544,5202.0,,,,
d_545,5113.0,,,,
d_546,5596.0,,,,
d_547,5939.0,,,,
d_548,6309.0,,,,
d_549,5147.0,,,,
d_550,5486.0,,,,
d_551,5846.0,,,,
d_552,6270.0,,,,
d_553,6917.0,,,,
d_554,7203.0,,,,
d_555,7801.0,,,,
d_556,6565.0,,,,
d_557,5967.0,,,,
d_558,5839.0,,,,
d_559,6475.0,,,,
d_560,6790.0,,,,
d_561,7786.0,,,,
d_562,7964.0,,,,
d_563,6894.0,,,,
d_564,6670.0,,,,
d_565,6051.0,,,,
d_566,6155.0,,,,
d_567,5701.0,,,,
d_568,7203.0,,,,
d_569,7956.0,,,,
d_570,6058.0,,,,
d_571,5511.0,,,,
d_572,5287.0,,,,
d_573,4854.0,,,,
d_574,5748.0,,,,
d_575,6597.0,,,,
d_576,7116.0,,,,
d_577,5585.0,,,,
d_578,5192.0,,,,
d_579,5053.0,,,,
d_580,4948.0,,,,
d_581,5854.0,,,,
d_582,7373.0,,,,
d_583,6801.0,,,,
d_584,7865.0,,,,
d_585,6116.0,,,,
d_586,5556.0,,,,
d_587,5734.0,,,,
d_588,6019.0,,,,
d_589,7159.0,,,,
d_590,8252.0,,,,
d_591,6968.0,,,,
d_592,5922.0,,,,
d_593,5203.0,,,,
d_594,5307.0,,,,
d_595,5715.0,,,,
d_596,6720.0,,,,
d_597,7778.0,,,,
d_598,5638.0,,,,
d_599,5280.0,,,,
d_600,4528.0,,,,
d_601,4977.0,,,,
d_602,5687.0,,,,
d_603,6710.0,,,,
d_604,6884.0,,,,
d_605,5451.0,,,,
d_606,5119.0,,,,
d_607,5064.0,,,,
d_608,5081.0,,,,
d_609,5354.0,,,,
d_610,7020.0,,,,
d_611,7008.0,,,,
d_612,6794.0,,,,
d_613,6658.0,,,,
d_614,6119.0,,,,
d_615,5640.0,,,,
d_616,6184.0,,,,
d_617,7400.0,,,,
d_618,7595.0,,,,
d_619,6591.0,,,,
d_620,5796.0,,,,
d_621,5636.0,,,,
d_622,4674.0,,,,
d_623,5692.0,,,,
d_624,6716.0,,,,
d_625,6939.0,,,,
d_626,5279.0,,,,
d_627,4985.0,,,,
d_628,4800.0,,,,
d_629,4808.0,,,,
d_630,5008.0,,,,
d_631,6431.0,,,,
d_632,6965.0,,,,
d_633,5282.0,,,,
d_634,4456.0,,,,
d_635,4299.0,,,,
d_636,4043.0,,,,
d_637,4567.0,,,,
d_638,5891.0,,,,
d_639,6364.0,,,,
d_640,4807.0,,,,
d_641,4966.0,,,,
d_642,4240.0,,,,
d_643,5062.0,,,,
d_644,5862.0,,,,
d_645,7068.0,,,,
d_646,7385.0,,,,
d_647,5665.0,,,,
d_648,5198.0,,,,
d_649,5165.0,,,,
d_650,5029.0,,,,
d_651,5494.0,,,,
d_652,7100.0,,,,
d_653,6958.0,,,,
d_654,5339.0,,,,
d_655,4588.0,,,,
d_656,4373.0,,,,
d_657,4336.0,,,,
d_658,4985.0,,,,
d_659,6169.0,,,,
d_660,6340.0,,,,
d_661,5149.0,,,,
d_662,5191.0,,,,
d_663,5513.0,,,,
d_664,3568.0,,,,
d_665,3414.0,,,,
d_666,4870.0,,,,
d_667,5278.0,,,,
d_668,4594.0,,,,
d_669,3901.0,,,,
d_670,3937.0,,,,
d_671,3800.0,,,,
d_672,4557.0,,,,
d_673,6741.0,,,,
d_674,6518.0,,,,
d_675,5623.0,,,,
d_676,5023.0,,,,
d_677,4802.0,,,,
d_678,4948.0,,,,
d_679,5297.0,,,,
d_680,6365.0,,,,
d_681,6596.0,,,,
d_682,5630.0,,,,
d_683,5004.0,,,,
d_684,4617.0,,,,
d_685,4712.0,,,,
d_686,4739.0,,,,
d_687,6021.0,,,,
d_688,6110.0,,,,
d_689,5115.0,,,,
d_690,5173.0,,,,
d_691,4495.0,,,,
d_692,4910.0,,,,
d_693,4959.0,,,,
d_694,6147.0,,,,
d_695,5929.0,,,,
d_696,5451.0,,,,
d_697,4.0,,,,
d_698,4987.0,,,,
d_699,4819.0,,,,
d_700,5124.0,,,,
d_701,6197.0,,,,
d_702,5727.0,,,,
d_703,5385.0,,,,
d_704,3580.0,,,,
d_705,5510.0,,,,
d_706,5999.0,,,,
d_707,5828.0,,,,
d_708,6842.0,,,,
d_709,7306.0,,,,
d_710,5716.0,,,,
d_711,5828.0,,,,
d_712,4945.0,,,,
d_713,5307.0,,,,
d_714,5169.0,,,,
d_715,6913.0,,,,
d_716,7073.0,,,,
d_717,5048.0,,,,
d_718,4618.0,,,,
d_719,4922.0,,,,
d_720,4713.0,,,,
d_721,5134.0,,,,
d_722,6535.0,,,,
d_723,6065.0,,,,
d_724,5458.0,,,,
d_725,4816.0,,,,
d_726,4354.0,,,,
d_727,3872.0,,,,
d_728,4937.0,,,,
d_729,6517.0,,,,
d_730,6582.0,,,,
d_731,4716.0,,,,
d_732,4615.0,,,,
d_733,3996.0,,,,
d_734,4376.0,,,,
d_735,5718.0,,,,
d_736,7934.0,,,,
d_737,6098.0,,,,
d_738,5364.0,,,,
d_739,4705.0,,,,
d_740,4765.0,,,,
d_741,5046.0,,,,
d_742,5450.0,,,,
d_743,6153.0,,,,
d_744,5449.0,,,,
d_745,6264.0,,,,
d_746,5705.0,,,,
d_747,5925.0,,,,
d_748,4276.0,,,,
d_749,5196.0,,,,
d_750,6403.0,,,,
d_751,6663.0,,,,
d_752,6040.0,,,,
d_753,4805.0,,,,
d_754,4766.0,,,,
d_755,4856.0,,,,
d_756,5303.0,,,,
d_757,6667.0,,,,
d_758,7109.0,,,,
d_759,5587.0,,,,
d_760,4697.0,,,,
d_761,4653.0,,,,
d_762,5031.0,,,,
d_763,6273.0,,,,
d_764,7938.0,,,,
d_765,7599.0,,,,
d_766,6081.0,,,,
d_767,5578.0,,,,
d_768,5244.0,,,,
d_769,4405.0,,,,
d_770,5728.0,,,,
d_771,6932.0,,,,
d_772,7336.0,,,,
d_773,6095.0,,,,
d_774,5134.0,,,,
d_775,5355.0,,,,
d_776,5259.0,,,,
d_777,5521.0,,,,
d_778,6545.0,,,,
d_779,7107.0,,,,
d_780,5780.0,,,,
d_781,4789.0,,,,
d_782,5112.0,,,,
d_783,4990.0,,,,
d_784,5196.0,,,,
d_785,6256.0,,,,
d_786,6295.0,,,,
d_787,5056.0,,,,
d_788,4907.0,,,,
d_789,4912.0,,,,
d_790,4924.0,,,,
d_791,5651.0,,,,
d_792,7036.0,,,,
d_793,3352.0,,,,
d_794,6219.0,,,,
d_795,6163.0,,,,
d_796,6024.0,,,,
d_797,5419.0,,,,
d_798,6548.0,,,,
d_799,6971.0,,,,
d_800,7769.0,,,,
d_801,5897.0,,,,
d_802,6188.0,,,,
d_803,5896.0,,,,
d_804,5673.0,,,,
d_805,5900.0,,,,
d_806,7137.0,,,,
d_807,6924.0,,,,
d_808,5700.0,,,,
d_809,5748.0,,,,
d_810,5300.0,,,,
d_811,5157.0,,,,
d_812,5685.0,,,,
d_813,6862.0,,,,
d_814,7463.0,,,,
d_815,5712.0,,,,
d_816,5432.0,,,,
d_817,5262.0,,,,
d_818,4906.0,,,,
d_819,5150.0,,,,
d_820,6341.0,,,,
d_821,6994.0,,,,
d_822,4975.0,,,,
d_823,5200.0,,,,
d_824,5876.0,,,,
d_825,5882.0,,,,
d_826,6440.0,,,,
d_827,6672.0,,,,
d_828,7015.0,,,,
d_829,6920.0,,,,
d_830,5839.0,,,,
d_831,5429.0,,,,
d_832,5726.0,,,,
d_833,6021.0,,,,
d_834,7547.0,,,,
d_835,6384.0,,,,
d_836,6371.0,,,,
d_837,6192.0,,,,
d_838,5797.0,,,,
d_839,5245.0,,,,
d_840,5569.0,,,,
d_841,6884.0,,,,
d_842,7554.0,,,,
d_843,6203.0,,,,
d_844,5228.0,,,,
d_845,5128.0,,,,
d_846,5111.0,,,,
d_847,5576.0,,,,
d_848,6126.0,,,,
d_849,6076.0,,,,
d_850,6402.0,,,,
d_851,5443.0,,,,
d_852,4846.0,,,,
d_853,4893.0,,,,
d_854,6012.0,,,,
d_855,7176.0,,,,
d_856,8187.0,,,,
d_857,6893.0,,,,
d_858,6232.0,,,,
d_859,6441.0,,,,
d_860,5885.0,,,,
d_861,6594.0,,,,
d_862,8003.0,,,,
d_863,8736.0,,,,
d_864,7537.0,,,,
d_865,6113.0,,,,
d_866,5851.0,,,,
d_867,5782.0,,,,
d_868,6555.0,,,,
d_869,7244.0,,,,
d_870,6787.0,,,,
d_871,6403.0,,,,
d_872,5802.0,,,,
d_873,5639.0,,,,
d_874,5516.0,,,,
d_875,6308.0,,,,
d_876,7192.0,,,,
d_877,7651.0,,,,
d_878,6080.0,,,,
d_879,5820.0,,,,
d_880,5331.0,,,,
d_881,5589.0,,,,
d_882,6528.0,,,,
d_883,8354.0,,,,
d_884,8163.0,,,,
d_885,7599.0,,,,
d_886,7238.0,,,,
d_887,8136.0,,,,
d_888,7170.0,,,,
d_889,7053.0,,,,
d_890,7123.0,,,,
d_891,8035.0,,,,
d_892,6899.0,,,,
d_893,6717.0,,,,
d_894,6803.0,,,,
d_895,5824.0,,,,
d_896,6412.0,,,,
d_897,7117.0,,,,
d_898,7497.0,,,,
d_899,6096.0,,,,
d_900,5689.0,,,,
d_901,5708.0,,,,
d_902,5808.0,,,,
d_903,5898.0,,,,
d_904,7319.0,,,,
d_905,7857.0,,,,
d_906,5996.0,,,,
d_907,5958.0,,,,
d_908,5497.0,,,,
d_909,5974.0,,,,
d_910,6244.0,,,,
d_911,7509.0,,,,
d_912,7187.0,,,,
d_913,5994.0,,,,
d_914,5437.0,,,,
d_915,6026.0,,,,
d_916,6908.0,,,,
d_917,6880.0,,,,
d_918,7667.0,,,,
d_919,8137.0,,,,
d_920,7259.0,,,,
d_921,6178.0,,,,
d_922,6541.0,,,,
d_923,6419.0,,,,
d_924,6881.0,,,,
d_925,7841.0,,,,
d_926,7667.0,,,,
d_927,6829.0,,,,
d_928,6336.0,,,,
d_929,5641.0,,,,
d_930,5982.0,,,,
d_931,6529.0,,,,
d_932,7359.0,,,,
d_933,8088.0,,,,
d_934,6958.0,,,,
d_935,6227.0,,,,
d_936,5719.0,,,,
d_937,5499.0,,,,
d_938,6546.0,,,,
d_939,7445.0,,,,
d_940,8632.0,,,,
d_941,6409.0,,,,
d_942,6113.0,,,,
d_943,5916.0,,,,
d_944,5869.0,,,,
d_945,6866.0,,,,
d_946,7869.0,,,,
d_947,7718.0,,,,
d_948,8518.0,,,,
d_949,6780.0,,,,
d_950,5879.0,,,,
d_951,6318.0,,,,
d_952,6592.0,,,,
d_953,8176.0,,,,
d_954,9338.0,,,,
d_955,7422.0,,,,
d_956,6992.0,,,,
d_957,6707.0,,,,
d_958,6222.0,,,,
d_959,6712.0,,,,
d_960,7763.0,,,,
d_961,8509.0,,,,
d_962,7340.0,,,,
d_963,6014.0,,,,
d_964,5851.0,,,,
d_965,5794.0,,,,
d_966,6385.0,,,,
d_967,7447.0,,,,
d_968,8219.0,,,,
d_969,6299.0,,,,
d_970,5890.0,,,,
d_971,5665.0,,,,
d_972,5601.0,,,,
d_973,6104.0,,,,
d_974,6919.0,,,,
d_975,7293.0,,,,
d_976,5955.0,,,,
d_977,6153.0,,,,
d_978,5966.0,,,,
d_979,5942.0,,,,
d_980,6741.0,,,,
d_981,8179.0,,,,
d_982,8847.0,,,,
d_983,6858.0,,,,
d_984,6630.0,,,,
d_985,6346.0,,,,
d_986,6543.0,,,,
d_987,6281.0,,,,
d_988,7392.0,,,,
d_989,7866.0,,,,
d_990,6208.0,,,,
d_991,5911.0,,,,
d_992,5722.0,,,,
d_993,5514.0,,,,
d_994,5788.0,,,,
d_995,7226.0,,,,
d_996,7833.0,,,,
d_997,6006.0,,,,
d_998,5307.0,,,,
d_999,5270.0,,,,
d_1000,5348.0,,,,
d_1001,5745.0,,,,
d_1002,7021.0,,,,
d_1003,7485.0,,,,
d_1004,6133.0,,,,
d_1005,5494.0,,,,
d_1006,6158.0,,,,
d_1007,4552.0,,,,
d_1008,6514.0,,,,
d_1009,8155.0,,,,
d_1010,8482.0,,,,
d_1011,6696.0,,,,
d_1012,6145.0,,,,
d_1013,6032.0,,,,
d_1014,5958.0,,,,
d_1015,6247.0,,,,
d_1016,7700.0,,,,
d_1017,7860.0,,,,
d_1018,6936.0,,,,
d_1019,5195.0,,,,
d_1020,5386.0,,,,
d_1021,4917.0,,,,
d_1022,5925.0,,,,
d_1023,7024.0,,,,
d_1024,7761.0,,,,
d_1025,5595.0,,,,
d_1026,4861.0,,,,
d_1027,4771.0,,,,
d_1028,4982.0,,,,
d_1029,5387.0,,,,
d_1030,6517.0,,,,
d_1031,6704.0,,,,
d_1032,5224.0,,,,
d_1033,5517.0,,,,
d_1034,5365.0,,,,
d_1035,3369.0,,,,
d_1036,3894.0,,,,
d_1037,5268.0,,,,
d_1038,6371.0,,,,
d_1039,6392.0,,,,
d_1040,6795.0,,,,
d_1041,5434.0,,,,
d_1042,5615.0,,,,
d_1043,6137.0,,,,
d_1044,7502.0,,,,
d_1045,7029.0,,,,
d_1046,6002.0,,,,
d_1047,5689.0,,,,
d_1048,5251.0,,,,
d_1049,4896.0,,,,
d_1050,5955.0,,,,
d_1051,6504.0,,,,
d_1052,6734.0,,,,
d_1053,5808.0,,,,
d_1054,5279.0,,,,
d_1055,5255.0,,,,
d_1056,5056.0,,,,
d_1057,4985.0,,,,
d_1058,6147.0,,,,
d_1059,6615.0,,,,
d_1060,5727.0,,,,
d_1061,4594.0,,,,
d_1062,3.0,,,,
d_1063,5972.0,,,,
d_1064,5771.0,,,,
d_1065,6006.0,,,,
d_1066,6040.0,,,,
d_1067,6002.0,,,,
d_1068,6045.0,,,,
d_1069,4319.0,,,,
d_1070,5703.0,,,,
d_1071,6378.0,,,,
d_1072,7043.0,,,,
d_1073,7736.0,,,,
d_1074,6393.0,,,,
d_1075,5723.0,,,,
d_1076,5912.0,,,,
d_1077,5467.0,,,,
d_1078,5932.0,,,,
d_1079,7737.0,,,,
d_1080,7567.0,,,,
d_1081,6099.0,,,,
d_1082,5142.0,,,,
d_1083,5284.0,,,,
d_1084,5527.0,,,,
d_1085,6021.0,,,,
d_1086,7364.0,,,,
d_1087,6975.0,,,,
d_1088,6166.0,,,,
d_1089,5457.0,,,,
d_1090,5589.0,,,,
d_1091,4839.0,,,,
d_1092,5467.0,,,,
d_1093,6764.0,,,,
d_1094,7522.0,,,,
d_1095,5397.0,,,,
d_1096,4855.0,,,,
d_1097,4282.0,,,,
d_1098,4783.0,,,,
d_1099,5403.0,,,,
d_1100,6091.0,,,,
d_1101,7841.0,,,,
d_1102,6985.0,,,,
d_1103,5938.0,,,,
d_1104,5808.0,,,,
d_1105,5633.0,,,,
d_1106,5543.0,,,,
d_1107,8404.0,,,,
d_1108,8406.0,,,,
d_1109,6479.0,,,,
d_1110,5601.0,,,,
d_1111,5612.0,,,,
d_1112,6284.0,,,,
d_1113,5202.0,,,,
d_1114,6444.0,,,,
d_1115,6889.0,,,,
d_1116,6475.0,,,,
d_1117,5370.0,,,,
d_1118,5303.0,,,,
d_1119,5430.0,,,,
d_1120,5529.0,,,,
d_1121,6551.0,,,,
d_1122,7316.0,,,,
d_1123,5332.0,,,,
d_1124,5267.0,,,,
d_1125,4246.0,,,,
d_1126,4760.0,,,,
d_1127,4877.0,,,,
d_1128,7830.0,,,,
d_1129,8145.0,,,,
d_1130,6265.0,,,,
d_1131,5664.0,,,,
d_1132,5127.0,,,,
d_1133,5203.0,,,,
d_1134,5418.0,,,,
d_1135,6704.0,,,,
d_1136,8737.0,,,,
d_1137,7195.0,,,,
d_1138,6025.0,,,,
d_1139,6023.0,,,,
d_1140,5887.0,,,,
d_1141,5841.0,,,,
d_1142,6969.0,,,,
d_1143,7882.0,,,,
d_1144,5867.0,,,,
d_1145,5443.0,,,,
d_1146,4647.0,,,,
d_1147,4943.0,,,,
d_1148,5545.0,,,,
d_1149,6725.0,,,,
d_1150,7944.0,,,,
d_1151,5991.0,,,,
d_1152,5180.0,,,,
d_1153,5037.0,,,,
d_1154,5149.0,,,,
d_1155,5507.0,,,,
d_1156,6349.0,,,,
d_1157,7685.0,,,,
d_1158,5579.0,,,,
d_1159,6126.0,,,,
d_1160,5967.0,,,,
d_1161,6452.0,,,,
d_1162,6317.0,,,,
d_1163,7744.0,,,,
d_1164,8496.0,,,,
d_1165,7378.0,,,,
d_1166,7227.0,,,,
d_1167,6448.0,,,,
d_1168,6457.0,,,,
d_1169,6371.0,,,,
d_1170,7068.0,,,,
d_1171,7896.0,,,,
d_1172,6117.0,,,,
d_1173,6008.0,,,,
d_1174,5707.0,,,,
d_1175,5916.0,,,,
d_1176,6169.0,,,,
d_1177,8368.0,,,,
d_1178,7668.0,,,,
d_1179,5868.0,,,,
d_1180,5522.0,,,,
d_1181,5892.0,,,,
d_1182,6018.0,,,,
d_1183,5396.0,,,,
d_1184,7095.0,,,,
d_1185,8148.0,,,,
d_1186,6004.0,,,,
d_1187,5718.0,,,,
d_1188,5440.0,,,,
d_1189,6727.0,,,,
d_1190,7079.0,,,,
d_1191,7983.0,,,,
d_1192,7997.0,,,,
d_1193,6907.0,,,,
d_1194,6479.0,,,,
d_1195,6017.0,,,,
d_1196,6212.0,,,,
d_1197,6366.0,,,,
d_1198,7141.0,,,,
d_1199,7390.0,,,,
d_1200,6932.0,,,,
d_1201,6263.0,,,,
d_1202,6310.0,,,,
d_1203,5833.0,,,,
d_1204,5827.0,,,,
d_1205,6892.0,,,,
d_1206,7512.0,,,,
d_1207,6044.0,,,,
d_1208,5658.0,,,,
d_1209,5600.0,,,,
d_1210,5295.0,,,,
d_1211,5622.0,,,,
d_1212,6304.0,,,,
d_1213,6533.0,,,,
d_1214,6575.0,,,,
d_1215,5837.0,,,,
d_1216,4872.0,,,,
d_1217,4989.0,,,,
d_1218,5503.0,,,,
d_1219,7060.0,,,,
d_1220,8172.0,,,,
d_1221,6985.0,,,,
d_1222,7037.0,,,,
d_1223,6436.0,,,,
d_1224,6453.0,,,,
d_1225,6271.0,,,,
d_1226,7576.0,,,,
d_1227,7805.0,,,,
d_1228,7664.0,,,,
d_1229,6497.0,,,,
d_1230,6243.0,,,,
d_1231,6023.0,,,,
d_1232,6468.0,,,,
d_1233,7569.0,,,,
d_1234,7188.0,,,,
d_1235,6372.0,,,,
d_1236,6079.0,,,,
d_1237,6193.0,,,,
d_1238,6194.0,,,,
d_1239,6572.0,,,,
d_1240,7497.0,,,,
d_1241,8003.0,,,,
d_1242,6549.0,,,,
d_1243,5999.0,,,,
d_1244,5277.0,,,,
d_1245,5588.0,,,,
d_1246,5848.0,,,,
d_1247,7392.0,,,,
d_1248,7426.0,,,,
d_1249,6475.0,,,,
d_1250,7374.0,,,,
d_1251,7091.0,,,,
d_1252,8369.0,,,,
d_1253,7214.0,,,,
d_1254,7115.0,,,,
d_1255,8307.0,,,,
d_1256,7464.0,,,,
d_1257,6799.0,,,,
d_1258,6524.0,,,,
d_1259,7121.0,,,,
d_1260,6677.0,,,,
d_1261,7791.0,,,,
d_1262,7669.0,,,,
d_1263,6438.0,,,,
d_1264,6128.0,,,,
d_1265,6156.0,,,,
d_1266,5676.0,,,,
d_1267,6599.0,,,,
d_1268,7311.0,,,,
d_1269,7420.0,,,,
d_1270,6270.0,,,,
d_1271,6167.0,,,,
d_1272,5800.0,,,,
d_1273,5718.0,,,,
d_1274,6259.0,,,,
d_1275,7210.0,,,,
d_1276,8336.0,,,,
d_1277,6192.0,,,,
d_1278,5796.0,,,,
d_1279,5651.0,,,,
d_1280,5932.0,,,,
d_1281,7628.0,,,,
d_1282,8064.0,,,,
d_1283,8817.0,,,,
d_1284,6733.0,,,,
d_1285,6702.0,,,,
d_1286,6390.0,,,,
d_1287,6461.0,,,,
d_1288,7102.0,,,,
d_1289,8285.0,,,,
d_1290,8299.0,,,,
d_1291,6630.0,,,,
d_1292,6642.0,,,,
d_1293,6062.0,,,,
d_1294,5788.0,,,,
d_1295,6034.0,,,,
d_1296,7220.0,,,,
d_1297,8778.0,,,,
d_1298,7045.0,,,,
d_1299,6141.0,,,,
d_1300,5966.0,,,,
d_1301,5816.0,,,,
d_1302,6870.0,,,,
d_1303,8240.0,,,,
d_1304,8996.0,,,,
d_1305,6382.0,,,,
d_1306,5740.0,,,,
d_1307,5663.0,,,,
d_1308,5570.0,,,,
d_1309,6480.0,,,,
d_1310,7106.0,,,,
d_1311,6707.0,,,,
d_1312,7851.0,,,,
d_1313,6403.0,,,,
d_1314,6427.0,,,,
d_1315,5999.0,,,,
d_1316,6105.0,,,,
d_1317,7503.0,,,,
d_1318,8696.0,,,,
d_1319,7070.0,,,,
d_1320,5875.0,,,,
d_1321,6181.0,,,,
d_1322,6268.0,,,,
d_1323,7194.0,,,,
d_1324,8137.0,,,,
d_1325,8159.0,,,,
d_1326,6695.0,,,,
d_1327,6190.0,,,,
d_1328,5879.0,,,,
d_1329,5808.0,,,,
d_1330,6142.0,,,,
d_1331,7780.0,,,,
d_1332,8436.0,,,,
d_1333,6455.0,,,,
d_1334,6075.0,,,,
d_1335,5740.0,,,,
d_1336,5744.0,,,,
d_1337,6258.0,,,,
d_1338,7236.0,,,,
d_1339,7966.0,,,,
d_1340,6141.0,,,,
d_1341,5644.0,,,,
d_1342,6330.0,,,,
d_1343,5975.0,,,,
d_1344,6957.0,,,,
d_1345,8565.0,,,,
d_1346,8880.0,,,,
d_1347,7052.0,,,,
d_1348,6142.0,,,,
d_1349,6211.0,,,,
d_1350,5873.0,,,,
d_1351,6277.0,,,,
d_1352,7359.0,,,,
d_1353,7918.0,,,,
d_1354,6091.0,,,,
d_1355,5461.0,,,,
d_1356,5604.0,,,,
d_1357,4838.0,,,,
d_1358,5526.0,,,,
d_1359,7304.0,,,,
d_1360,8226.0,,,,
d_1361,6263.0,,,,
d_1362,5608.0,,,,
d_1363,4950.0,,,,
d_1364,5213.0,,,,
d_1365,5542.0,,,,
d_1366,6579.0,,,,
d_1367,7369.0,,,,
d_1368,5931.0,,,,
d_1369,4874.0,,,,
d_1370,5028.0,,,,
d_1371,5216.0,,,,
d_1372,5057.0,,,,
d_1373,7700.0,,,,
d_1374,8470.0,,,,
d_1375,6920.0,,,,
d_1376,6018.0,,,,
d_1377,5745.0,,,,
d_1378,5691.0,,,,
d_1379,6085.0,,,,
d_1380,7719.0,,,,
d_1381,8098.0,,,,
d_1382,6962.0,,,,
d_1383,6170.0,,,,
d_1384,4735.0,,,,
d_1385,4850.0,,,,
d_1386,5475.0,,,,
d_1387,6710.0,,,,
d_1388,7458.0,,,,
d_1389,5752.0,,,,
d_1390,5293.0,,,,
d_1391,4934.0,,,,
d_1392,4761.0,,,,
d_1393,5701.0,,,,
d_1394,7315.0,,,,
d_1395,7555.0,,,,
d_1396,5891.0,,,,
d_1397,5896.0,,,,
d_1398,6252.0,,,,
d_1399,3673.0,,,,
d_1400,4314.0,,,,
d_1401,5850.0,,,,
d_1402,6393.0,,,,
d_1403,6427.0,,,,
d_1404,5326.0,,,,
d_1405,5292.0,,,,
d_1406,5859.0,,,,
d_1407,5849.0,,,,
d_1408,7337.0,,,,
d_1409,7286.0,,,,
d_1410,5832.0,,,,
d_1411,5643.0,,,,
d_1412,6038.0,,,,
d_1413,3402.0,,,,
d_1414,5265.0,,,,
d_1415,6194.0,,,,
d_1416,6481.0,,,,
d_1417,4970.0,,,,
d_1418,4630.0,,,,
d_1419,4743.0,,,,
d_1420,5232.0,,,,
d_1421,4359.0,,,,
d_1422,5788.0,,,,
d_1423,6331.0,,,,
d_1424,6013.0,,,,
d_1425,5397.0,,,,
d_1426,4021.0,,,,
d_1427,1.0,,,,
d_1428,5402.0,,,,
d_1429,5685.0,,,,
d_1430,6050.0,,,,
d_1431,5170.0,,,,
d_1432,4676.0,,,,
d_1433,4686.0,,,,
d_1434,4412.0,,,,
d_1435,6532.0,,,,
d_1436,6792.0,,,,
d_1437,6762.0,,,,
d_1438,5851.0,,,,
d_1439,5058.0,,,,
d_1440,4991.0,,,,
d_1441,5380.0,,,,
d_1442,5282.0,,,,
d_1443,7354.0,,,,
d_1444,7879.0,,,,
d_1445,5604.0,,,,
d_1446,5103.0,,,,
d_1447,4682.0,,,,
d_1448,4689.0,,,,
d_1449,5360.0,,,,
d_1450,7329.0,,,,
d_1451,6938.0,,,,
d_1452,6538.0,,,,
d_1453,5548.0,,,,
d_1454,5236.0,,,,
d_1455,5073.0,,,,
d_1456,5452.0,,,,
d_1457,7132.0,,,,
d_1458,7915.0,,,,
d_1459,5457.0,,,,
d_1460,4956.0,,,,
d_1461,4897.0,,,,
d_1462,4784.0,,,,
d_1463,5619.0,,,,
d_1464,7419.0,,,,
d_1465,8081.0,,,,
d_1466,6242.0,,,,
d_1467,5987.0,,,,
d_1468,5929.0,,,,
d_1469,5980.0,,,,
d_1470,5154.0,,,,
d_1471,8852.0,,,,
d_1472,8254.0,,,,
d_1473,6834.0,,,,
d_1474,6517.0,,,,
d_1475,5752.0,,,,
d_1476,6493.0,,,,
d_1477,5450.0,,,,
d_1478,6239.0,,,,
d_1479,6836.0,,,,
d_1480,6997.0,,,,
d_1481,5468.0,,,,
d_1482,5097.0,,,,
d_1483,4561.0,,,,
d_1484,5430.0,,,,
d_1485,5965.0,,,,
d_1486,6958.0,,,,
d_1487,5978.0,,,,
d_1488,5248.0,,,,
d_1489,5095.0,,,,
d_1490,5154.0,,,,
d_1491,5325.0,,,,
d_1492,6817.0,,,,
d_1493,7725.0,,,,
d_1494,5997.0,,,,
d_1495,6112.0,,,,
d_1496,5724.0,,,,
d_1497,5881.0,,,,
d_1498,5792.0,,,,
d_1499,7617.0,,,,
d_1500,8904.0,,,,
d_1501,6906.0,,,,
d_1502,5949.0,,,,
d_1503,5692.0,,,,
d_1504,5368.0,,,,
d_1505,5912.0,,,,
d_1506,7455.0,,,,
d_1507,8510.0,,,,
d_1508,6217.0,,,,
d_1509,5819.0,,,,
d_1510,5161.0,,,,
d_1511,5166.0,,,,
d_1512,5564.0,,,,
d_1513,7105.0,,,,
d_1514,8034.0,,,,
d_1515,6196.0,,,,
d_1516,5272.0,,,,
d_1517,5445.0,,,,
d_1518,5300.0,,,,
d_1519,5316.0,,,,
d_1520,6795.0,,,,
d_1521,7706.0,,,,
d_1522,5744.0,,,,
d_1523,5605.0,,,,
d_1524,6013.0,,,,
d_1525,5755.0,,,,
d_1526,6748.0,,,,
d_1527,8258.0,,,,
d_1528,7999.0,,,,
d_1529,6400.0,,,,
d_1530,6252.0,,,,
d_1531,6144.0,,,,
d_1532,5774.0,,,,
d_1533,6121.0,,,,
d_1534,7093.0,,,,
d_1535,7907.0,,,,
d_1536,5027.0,,,,
d_1537,5753.0,,,,
d_1538,5298.0,,,,
d_1539,5535.0,,,,
d_1540,5583.0,,,,
d_1541,6174.0,,,,
d_1542,7788.0,,,,
d_1543,5802.0,,,,
d_1544,5325.0,,,,
d_1545,5383.0,,,,
d_1546,5551.0,,,,
d_1547,5548.0,,,,
d_1548,7251.0,,,,
d_1549,7890.0,,,,
d_1550,5909.0,,,,
d_1551,5420.0,,,,
d_1552,4849.0,,,,
d_1553,5114.0,,,,
d_1554,6637.0,,,,
d_1555,7586.0,,,,
d_1556,7757.0,,,,
d_1557,7345.0,,,,
d_1558,5835.0,,,,
d_1559,5784.0,,,,
d_1560,5428.0,,,,
d_1561,6096.0,,,,
d_1562,7509.0,,,,
d_1563,6636.0,,,,
d_1564,6352.0,,,,
d_1565,5903.0,,,,
d_1566,5728.0,,,,
d_1567,5032.0,,,,
d_1568,5701.0,,,,
d_1569,6948.0,,,,
d_1570,7739.0,,,,
d_1571,5919.0,,,,
d_1572,5168.0,,,,
d_1573,5191.0,,,,
d_1574,5145.0,,,,
d_1575,6192.0,,,,
d_1576,6294.0,,,,
d_1577,6396.0,,,,
d_1578,7264.0,,,,
d_1579,5606.0,,,,
d_1580,5014.0,,,,
d_1581,5159.0,,,,
d_1582,5309.0,,,,
d_1583,6616.0,,,,
d_1584,7261.0,,,,
d_1585,6560.0,,,,
d_1586,7865.0,,,,
d_1587,6044.0,,,,
d_1588,5871.0,,,,
d_1589,6148.0,,,,
d_1590,7967.0,,,,
d_1591,8318.0,,,,
d_1592,7608.0,,,,
d_1593,6886.0,,,,
d_1594,6453.0,,,,
d_1595,5849.0,,,,
d_1596,6098.0,,,,
d_1597,7177.0,,,,
d_1598,8728.0,,,,
d_1599,6819.0,,,,
d_1600,5408.0,,,,
d_1601,5731.0,,,,
d_1602,5732.0,,,,
d_1603,5739.0,,,,
d_1604,7221.0,,,,
d_1605,6739.0,,,,
d_1606,6344.0,,,,
d_1607,5592.0,,,,
d_1608,5239.0,,,,
d_1609,5836.0,,,,
d_1610,6069.0,,,,
d_1611,7103.0,,,,
d_1612,7496.0,,,,
d_1613,6227.0,,,,
d_1614,5978.0,,,,
d_1615,6871.0,,,,
d_1616,6737.0,,,,
d_1617,8878.0,,,,
d_1618,6237.0,,,,
d_1619,7380.0,,,,
d_1620,6350.0,,,,
d_1621,6386.0,,,,
d_1622,6098.0,,,,
d_1623,6200.0,,,,
d_1624,6680.0,,,,
d_1625,7239.0,,,,
d_1626,7846.0,,,,
d_1627,6598.0,,,,
d_1628,6063.0,,,,
d_1629,6228.0,,,,
d_1630,6153.0,,,,
d_1631,6354.0,,,,
d_1632,7397.0,,,,
d_1633,8226.0,,,,
d_1634,6582.0,,,,
d_1635,6045.0,,,,
d_1636,5509.0,,,,
d_1637,5867.0,,,,
d_1638,6087.0,,,,
d_1639,7144.0,,,,
d_1640,7209.0,,,,
d_1641,6316.0,,,,
d_1642,5830.0,,,,
d_1643,5435.0,,,,
d_1644,5649.0,,,,
d_1645,6163.0,,,,
d_1646,7814.0,,,,
d_1647,8646.0,,,,
d_1648,7210.0,,,,
d_1649,6602.0,,,,
d_1650,6426.0,,,,
d_1651,6140.0,,,,
d_1652,6567.0,,,,
d_1653,8126.0,,,,
d_1654,8833.0,,,,
d_1655,7290.0,,,,
d_1656,6422.0,,,,
d_1657,5992.0,,,,
d_1658,6209.0,,,,
d_1659,6242.0,,,,
d_1660,7788.0,,,,
d_1661,8979.0,,,,
d_1662,7250.0,,,,
d_1663,6455.0,,,,
d_1664,6381.0,,,,
d_1665,5693.0,,,,
d_1666,5837.0,,,,
d_1667,7798.0,,,,
d_1668,7836.0,,,,
d_1669,6204.0,,,,
d_1670,5484.0,,,,
d_1671,5327.0,,,,
d_1672,5405.0,,,,
d_1673,5921.0,,,,
d_1674,7568.0,,,,
d_1675,8234.0,,,,
d_1676,6050.0,,,,
d_1677,6423.0,,,,
d_1678,6059.0,,,,
d_1679,6116.0,,,,
d_1680,6452.0,,,,
d_1681,7378.0,,,,
d_1682,7026.0,,,,
d_1683,7827.0,,,,
d_1684,6686.0,,,,
d_1685,6748.0,,,,
d_1686,6538.0,,,,
d_1687,6416.0,,,,
d_1688,7593.0,,,,
d_1689,8814.0,,,,
d_1690,6056.0,,,,
d_1691,5983.0,,,,
d_1692,5358.0,,,,
d_1693,5478.0,,,,
d_1694,6336.0,,,,
d_1695,8179.0,,,,
d_1696,8300.0,,,,
d_1697,6339.0,,,,
d_1698,6133.0,,,,
d_1699,6027.0,,,,
d_1700,5404.0,,,,
d_1701,6264.0,,,,
d_1702,7427.0,,,,
d_1703,7837.0,,,,
d_1704,6071.0,,,,
d_1705,5261.0,,,,
d_1706,5338.0,,,,
d_1707,5867.0,,,,
d_1708,6515.0,,,,
d_1709,8592.0,,,,
d_1710,8674.0,,,,
d_1711,7246.0,,,,
d_1712,6284.0,,,,
d_1713,6160.0,,,,
d_1714,5916.0,,,,
d_1715,6812.0,,,,
d_1716,7767.0,,,,
d_1717,6283.0,,,,
d_1718,7279.0,,,,
d_1719,5827.0,,,,
d_1720,5745.0,,,,
d_1721,5404.0,,,,
d_1722,5769.0,,,,
d_1723,7446.0,,,,
d_1724,8037.0,,,,
d_1725,6022.0,,,,
d_1726,5514.0,,,,
d_1727,5240.0,,,,
d_1728,5480.0,,,,
d_1729,5520.0,,,,
d_1730,6559.0,,,,
d_1731,7897.0,,,,
d_1732,5914.0,,,,
d_1733,5475.0,,,,
d_1734,5379.0,,,,
d_1735,5449.0,,,,
d_1736,5654.0,,,,
d_1737,6500.0,,,,
d_1738,8010.0,,,,
d_1739,5774.0,,,,
d_1740,6020.0,,,,
d_1741,5365.0,,,,
d_1742,5312.0,,,,
d_1743,5702.0,,,,
d_1744,6934.0,,,,
d_1745,8217.0,,,,
d_1746,5788.0,,,,
d_1747,5498.0,,,,
d_1748,5187.0,,,,
d_1749,4877.0,,,,
d_1750,5008.0,,,,
d_1751,6785.0,,,,
d_1752,7294.0,,,,
d_1753,5594.0,,,,
d_1754,4979.0,,,,
d_1755,4867.0,,,,
d_1756,4516.0,,,,
d_1757,5144.0,,,,
d_1758,6309.0,,,,
d_1759,7376.0,,,,
d_1760,5596.0,,,,
d_1761,5216.0,,,,
d_1762,5851.0,,,,
d_1763,3674.0,,,,
d_1764,3972.0,,,,
d_1765,5075.0,,,,
d_1766,5991.0,,,,
d_1767,5055.0,,,,
d_1768,5284.0,,,,
d_1769,5136.0,,,,
d_1770,5543.0,,,,
d_1771,5749.0,,,,
d_1772,6837.0,,,,
d_1773,7334.0,,,,
d_1774,5461.0,,,,
d_1775,5117.0,,,,
d_1776,4877.0,,,,
d_1777,5367.0,,,,
d_1778,5291.0,,,,
d_1779,6523.0,,,,
d_1780,6890.0,,,,
d_1781,5568.0,,,,
d_1782,5039.0,,,,
d_1783,5240.0,,,,
d_1784,5516.0,,,,
d_1785,5074.0,,,,
d_1786,6408.0,,,,
d_1787,6470.0,,,,
d_1788,5158.0,,,,
d_1789,5431.0,,,,
d_1790,5353.0,,,,
d_1791,4167.0,,,,
d_1792,4.0,,,,
d_1793,5918.0,,,,
d_1794,5585.0,,,,
d_1795,5316.0,,,,
d_1796,5086.0,,,,
d_1797,5209.0,,,,
d_1798,5472.0,,,,
d_1799,4556.0,,,,
d_1800,6654.0,,,,
d_1801,6781.0,,,,
d_1802,5944.0,,,,
d_1803,5532.0,,,,
d_1804,5062.0,,,,
d_1805,5644.0,,,,
d_1806,5785.0,,,,
d_1807,7940.0,,,,
d_1808,8035.0,,,,
d_1809,6440.0,,,,
d_1810,5123.0,,,,
d_1811,4803.0,,,,
d_1812,4748.0,,,,
d_1813,5333.0,,,,
d_1814,7240.0,,,,
d_1815,7352.0,,,,
d_1816,6242.0,,,,
d_1817,5165.0,,,,
d_1818,5319.0,,,,
d_1819,5118.0,,,,
d_1820,5224.0,,,,
d_1821,7880.0,,,,
d_1822,8164.0,,,,
d_1823,6371.0,,,,
d_1824,5244.0,,,,
d_1825,5309.0,,,,
d_1826,5261.0,,,,
d_1827,5637.0,,,,
d_1828,7217.0,,,,
d_1829,8094.0,,,,
d_1830,6446.0,,,,
d_1831,5722.0,,,,
d_1832,5740.0,,,,
d_1833,5951.0,,,,
d_1834,5986.0,,,,
d_1835,7347.0,,,,
d_1836,6696.0,,,,
d_1837,5930.0,,,,
d_1838,5882.0,,,,
d_1839,6421.0,,,,
d_1840,6547.0,,,,
d_1841,5928.0,,,,
d_1842,7921.0,,,,
d_1843,6852.0,,,,
d_1844,7464.0,,,,
d_1845,5987.0,,,,
d_1846,5465.0,,,,
d_1847,5424.0,,,,
d_1848,6158.0,,,,
d_1849,7668.0,,,,
d_1850,7984.0,,,,
d_1851,6293.0,,,,
d_1852,5616.0,,,,
d_1853,5477.0,,,,
d_1854,5535.0,,,,
d_1855,5833.0,,,,
d_1856,7375.0,,,,
d_1857,7883.0,,,,
d_1858,6291.0,,,,
d_1859,6462.0,,,,
d_1860,5700.0,,,,
d_1861,5992.0,,,,
d_1862,5550.0,,,,
d_1863,7567.0,,,,
d_1864,8773.0,,,,
d_1865,6558.0,,,,
d_1866,6257.0,,,,
d_1867,5912.0,,,,
d_1868,5820.0,,,,
d_1869,5789.0,,,,
d_1870,7602.0,,,,
d_1871,7874.0,,,,
d_1872,6458.0,,,,
d_1873,5661.0,,,,
d_1874,5512.0,,,,
d_1875,5277.0,,,,
d_1876,5644.0,,,,
d_1877,7508.0,,,,
d_1878,7775.0,,,,
d_1879,6239.0,,,,
d_1880,5703.0,,,,
d_1881,5651.0,,,,
d_1882,5409.0,,,,
d_1883,6373.0,,,,
d_1884,7978.0,,,,
d_1885,7650.0,,,,
d_1886,5487.0,,,,
d_1887,5493.0,,,,
d_1888,5202.0,,,,
d_1889,5474.0,,,,
d_1890,6571.0,,,,
d_1891,7206.0,,,,
d_1892,8399.0,,,,
d_1893,6622.0,,,,
d_1894,6221.0,,,,
d_1895,5685.0,,,,
d_1896,5635.0,,,,
d_1897,6191.0,,,,
d_1898,7782.0,,,,
d_1899,8602.0,,,,
d_1900,6580.0,,,,
d_1901,5641.0,,,,
d_1902,5377.0,,,,
d_1903,5493.0,,,,
d_1904,5337.0,,,,
d_1905,6936.0,,,,
d_1906,8271.0,,,,
d_1907,6068.0,,,,
d_1908,5683.0,,,,
d_1909,5235.0,,,,
d_1910,5018.0,,,,
d_1911,5623.0,,,,
d_1912,7419.0,,,,
d_1913,7721.0,,,,
d_1914,,6399.0,5798.0,6376.0,6272.0
d_1915,,5622.0,5399.0,5320.0,5323.0
d_1916,,5625.0,5185.0,5359.0,5538.0
d_1917,,5264.0,5152.0,5336.0,5305.0
d_1918,,5695.0,5737.0,6141.0,6332.0
d_1919,,7221.0,7255.0,7623.0,7889.0
d_1920,,7631.0,7944.0,7126.0,7119.0
d_1921,,6370.0,6287.0,6548.0,6391.0
d_1922,,5645.0,5944.0,6259.0,6094.0
d_1923,,5603.0,5617.0,5869.0,5808.0
d_1924,,5279.0,5793.0,5795.0,5738.0
d_1925,,5678.0,6323.0,6189.0,6228.0
d_1926,,7225.0,7757.0,7366.0,7266.0
d_1927,,7604.0,8242.0,8226.0,8100.0
d_1928,,6385.0,6595.0,6639.0,6641.0
d_1929,,5636.0,6047.0,6125.0,6021.0
d_1930,,5612.0,5774.0,5589.0,5615.0
d_1931,,5265.0,5599.0,5413.0,5605.0
d_1932,,5688.0,5859.0,6175.0,6021.0
d_1933,,7203.0,7464.0,7137.0,7135.0
d_1934,,7602.0,8011.0,7594.0,7780.0
d_1935,,6376.0,6210.0,6584.0,6277.0
d_1936,,5649.0,5635.0,5609.0,5589.0
d_1937,,5599.0,5271.0,5494.0,5425.0
d_1938,,5271.0,5228.0,5320.0,5466.0
d_1939,,5680.0,5666.0,5345.0,5630.0
d_1940,,7199.0,7135.0,6586.0,6788.0
d_1941,,7583.0,7779.0,7923.0,8066.0
